Date,Time,Elevation,Temperature,Humidity,Solar_Irradiance,Cloud_Cover,Wind_Speed,Solar_Production
27-12-2024,10:13:00,7,21,40,113,0.462103643,4.998368949,197
07-03-2024,18:08:00,7,20,46,198,0.393680601,4.710141393,270
04-11-2024,08:26:00,1,35,86,144,0.032660637,8.472354127,719
07-06-2024,14:12:00,3,27,59,688,0.18119576,4.829398233,957
16-08-2024,18:34:00,1,17,50,528,0.101555811,4.698843905,624
21-03-2024,14:07:00,7,15,37,792,0.14172449,1.811812888,828
21-10-2024,08:05:00,4,20,80,119,0.417730723,4.391001951,113
13-05-2024,10:58:00,5,24,48,420,0.427391032,1.909087824,703
30-11-2024,16:29:00,8,12,70,683,0.492789914,1.493766073,625
14-12-2024,09:09:00,3,14,74,612,0.201624966,1.247598724,629
21-11-2024,08:06:00,7,24,57,141,0.009846868,9.730226912,669
29-01-2024,17:28:00,3,22,43,207,0.360054229,9.340308546,798
18-01-2024,09:17:00,8,12,85,769,0.482158415,7.04250088,632
11-06-2024,18:58:00,6,27,72,245,0.150460834,6.164255512,623
13-04-2024,08:36:00,8,39,45,700,0.189792816,9.838393034,517
13-12-2024,17:50:00,2,11,70,673,0.47092593,8.200156293,213
26-04-2024,16:48:00,0,21,77,338,0.416236091,6.491469258,274
24-09-2024,18:43:00,8,17,30,187,0.336267886,3.926745475,920
29-12-2024,12:09:00,5,24,82,527,0.182944157,9.574565703,488
27-07-2024,08:46:00,3,38,80,453,0.484615841,6.296901664,231
18-10-2024,15:56:00,9,20,81,297,0.335793865,8.104895635,880
04-12-2024,10:34:00,3,33,32,194,0.40430519,5.740546261,491
03-09-2024,12:36:00,9,21,62,460,0.110032345,6.249637337,326
25-10-2024,17:55:00,7,33,81,630,0.205153502,3.655176053,263
21-10-2024,11:57:00,4,34,42,604,0.413855904,1.594236038,908
09-01-2024,14:20:00,6,34,43,521,0.354829117,8.09714675,343
20-01-2024,17:41:00,6,18,41,638,0.378977422,2.25770826,140
18-02-2024,08:48:00,9,23,66,580,0.051880832,5.772768943,275
17-04-2024,11:31:00,1,15,89,678,0.080711515,5.208304629,159
17-08-2024,19:23:00,8,23,54,641,0.113979149,3.619468454,592
21-02-2024,15:34:00,6,26,70,781,0.366636528,4.914407092,209
08-09-2024,10:17:00,2,27,61,685,0.12947237,2.580431086,913
19-11-2024,10:39:00,7,26,61,453,0.231286782,1.31954422,702
23-11-2024,09:30:00,7,36,88,760,0.159441084,6.072600748,314
04-05-2024,16:27:00,5,33,63,479,0.332188358,3.900786905,215
06-12-2024,13:48:00,1,28,74,360,0.130650462,7.183042024,831
14-08-2024,17:12:00,8,25,61,356,0.065745841,1.508071914,177
13-05-2024,16:17:00,2,18,55,658,0.246009834,4.634241947,578
03-04-2024,16:13:00,6,37,82,441,0.394665121,2.519211702,923
29-05-2024,16:35:00,4,21,85,159,0.366928942,5.352411699,307
29-04-2024,19:53:00,4,27,40,682,0.392613102,8.292946182,977
18-03-2024,10:16:00,4,27,68,692,0.103448936,7.933494766,605
24-07-2024,09:25:00,7,17,70,397,0.077723953,5.417181818,977
13-05-2024,19:46:00,6,32,74,614,0.120971784,3.263167274,396
30-05-2024,11:25:00,0,18,38,473,0.394114422,4.233544578,604
12-09-2024,11:11:00,5,23,79,262,0.37976544,2.246992739,469
16-10-2024,13:40:00,2,10,37,364,0.419923492,3.509727633,993
28-07-2024,12:56:00,4,31,31,378,0.471391361,2.406083251,641
02-12-2024,16:12:00,2,33,88,444,0.01561212,5.024028624,130
08-01-2024,19:34:00,2,15,37,617,0.467417107,3.034743008,559
17-10-2024,19:16:00,0,25,83,644,0.340794429,4.954665117,894
26-08-2024,19:05:00,2,20,85,325,0.330189459,2.051156246,674
23-04-2024,18:28:00,3,32,61,341,0.233470307,4.961012329,901
07-10-2024,18:12:00,8,23,73,455,0.07344546,2.124335014,558
19-06-2024,10:32:00,5,27,65,573,0.119966007,2.778423951,607
18-10-2024,16:02:00,5,30,55,320,0.378434833,2.086612097,984
15-07-2024,08:41:00,3,37,61,421,0.140892137,9.226949352,254
08-02-2024,18:54:00,5,39,69,450,0.385017663,6.920029015,219
15-06-2024,18:59:00,4,34,30,708,0.286353591,7.949443302,313
14-12-2024,18:27:00,1,24,84,607,0.0674802,9.728210666,903
24-08-2024,10:49:00,7,34,30,458,0.269536897,4.722571553,985
13-06-2024,12:42:00,9,38,60,409,0.267476605,9.396638335,653
23-02-2024,10:17:00,8,36,54,559,0.011796795,3.648253273,168
21-03-2024,14:15:00,3,22,32,101,0.452536413,9.750397003,427
20-09-2024,16:39:00,0,25,38,664,0.323503577,8.21899464,541
03-08-2024,08:30:00,5,36,60,559,0.106831485,3.314424539,260
09-03-2024,15:27:00,7,37,71,643,0.151935157,6.768388885,463
28-11-2024,11:28:00,3,26,36,323,0.291399421,8.121072532,893
01-06-2024,19:41:00,4,12,56,576,0.059786932,8.423323246,667
25-07-2024,19:08:00,8,15,69,558,0.485655081,6.43299963,825
14-09-2024,08:46:00,0,28,37,114,0.200836518,3.9114813,995
02-02-2024,14:12:00,1,11,52,646,0.489620499,3.539543383,295
24-01-2024,17:42:00,5,22,55,451,0.402665465,9.712076786,288
03-03-2024,08:44:00,7,32,72,366,0.285199735,7.740422966,467
19-04-2024,10:25:00,7,20,35,213,0.365718707,2.847223082,288
06-08-2024,12:17:00,3,34,35,174,0.096755691,7.092017995,758
16-04-2024,10:53:00,6,11,60,392,0.426744308,5.198907591,384
22-03-2024,14:46:00,3,19,38,602,0.28307297,8.63800123,559
13-07-2024,19:55:00,5,24,48,362,0.049022606,6.770559954,684
08-02-2024,18:00:00,9,14,41,260,0.009787937,6.267661094,126
22-06-2024,12:07:00,5,10,74,233,0.228377031,1.134096805,635
17-12-2024,18:06:00,4,23,85,357,0.272193834,9.796150339,496
27-07-2024,15:05:00,6,27,69,184,0.249175237,7.042160521,747
06-06-2024,08:24:00,9,34,43,122,0.093079693,9.625971097,309
30-12-2024,19:56:00,4,33,69,496,0.137316969,1.685756193,156
07-03-2024,11:30:00,8,17,85,643,0.388896328,5.312306253,130
03-06-2024,14:42:00,3,13,89,705,0.040915884,2.226752686,301
25-03-2024,12:06:00,7,15,83,580,0.296491363,9.809198736,673
16-01-2024,09:45:00,0,29,35,691,0.259558931,5.868798981,755
18-04-2024,11:07:00,2,34,55,477,0.378316813,3.485894902,685
19-06-2024,18:39:00,6,37,64,718,0.252181009,6.944248655,892
03-01-2024,19:38:00,0,14,74,624,0.177933069,6.394365624,958
11-04-2024,10:30:00,4,26,62,255,0.397113432,9.348676892,932
07-12-2024,14:42:00,5,19,58,786,0.004493215,7.131956942,545
09-07-2024,12:30:00,5,24,74,198,0.045513475,7.463344426,282
17-10-2024,10:22:00,3,12,44,429,0.002368311,5.17068843,764
02-09-2024,13:05:00,4,18,35,387,0.075083781,7.822309932,892
27-09-2024,19:37:00,8,27,39,729,0.391715742,8.90762111,871
12-01-2024,14:00:00,4,22,89,120,0.185003991,1.41921275,537
08-01-2024,10:16:00,9,27,30,599,0.209777917,5.288098861,206
02-11-2024,18:36:00,0,33,32,736,0.09085012,2.020213949,456
14-02-2024,09:39:00,0,11,57,311,0.069232611,6.795140579,382
28-07-2024,17:16:00,3,19,43,124,0.245740761,9.319931311,128
03-02-2024,09:25:00,7,31,75,623,0.338505743,7.188590141,833
10-06-2024,18:04:00,7,18,79,279,0.299192022,1.369531282,365
28-08-2024,16:43:00,3,13,44,789,0.105363506,9.020286736,127
01-02-2024,19:33:00,6,33,39,670,0.228140432,7.189582961,148
27-02-2024,09:47:00,3,16,71,769,0.102293853,6.171951373,270
27-12-2024,15:13:00,6,38,50,229,0.210735743,6.99517035,903
05-09-2024,10:36:00,3,18,82,571,0.326031913,9.873944851,631
20-02-2024,13:06:00,5,34,49,394,0.121009953,7.439381683,453
25-11-2024,17:36:00,1,17,87,307,0.018950233,1.427744991,664
26-02-2024,18:46:00,2,21,57,316,0.4917657,7.74492917,816
01-08-2024,09:26:00,7,36,37,606,0.014715606,2.599638983,687
16-01-2024,12:12:00,9,23,87,724,0.29725029,2.766803114,730
27-04-2024,19:53:00,8,36,52,195,0.267511413,3.159820353,176
13-08-2024,14:50:00,1,34,59,257,0.117403337,8.82530268,388
23-05-2024,16:42:00,1,23,86,729,0.432188639,9.491526174,751
24-09-2024,16:29:00,8,18,79,122,0.30688812,6.478166452,546
05-12-2024,09:23:00,9,13,77,258,0.160204642,4.643512952,638
12-06-2024,14:06:00,1,11,73,722,0.084859725,9.813840126,441
13-10-2024,10:47:00,0,10,87,139,0.475561513,3.197357149,357
03-02-2024,10:12:00,8,38,87,556,0.200810999,1.310533695,746
05-12-2024,12:42:00,1,27,79,643,0.092911388,4.897592431,807
04-06-2024,14:17:00,7,13,31,488,0.422365852,8.466686588,612
11-09-2024,14:30:00,0,30,83,425,0.274039833,3.52778212,511
19-08-2024,15:04:00,6,38,31,494,0.219041871,3.827841059,769
22-09-2024,16:24:00,9,18,52,583,0.006757072,4.540252475,595
11-04-2024,12:13:00,1,15,72,235,0.017575539,3.914172485,279
04-07-2024,08:23:00,7,11,80,702,0.258457621,7.076831181,383
15-11-2024,19:00:00,9,13,87,500,0.235137138,7.121608505,135
16-07-2024,17:39:00,4,26,59,763,0.052408802,4.17275763,700
11-04-2024,09:59:00,9,23,82,545,0.146813881,4.239991925,621
14-10-2024,14:53:00,1,12,41,593,0.199330239,7.815982241,406
22-03-2024,15:25:00,1,17,56,447,0.278758494,2.712994257,532
16-02-2024,14:52:00,2,20,68,397,0.049099846,4.984944956,312
10-12-2024,16:13:00,1,36,63,679,0.34625783,2.532848636,154
13-05-2024,10:11:00,9,18,38,354,0.038782979,6.15600481,560
08-03-2024,15:43:00,2,30,68,290,0.032967843,5.675589874,688
28-05-2024,13:17:00,9,31,42,706,0.275122603,6.82011805,439
01-10-2024,08:05:00,9,10,71,779,0.06339725,4.270764146,599
14-06-2024,12:32:00,9,20,52,211,0.006565796,1.383760295,691
24-03-2024,16:51:00,5,35,35,505,0.066643105,7.832407289,905
10-01-2024,11:57:00,4,31,52,180,0.024988381,9.893167951,588
01-01-2024,15:54:00,8,28,63,642,0.199794658,4.390252974,616
13-05-2024,16:02:00,9,14,83,740,0.274175066,2.088714,534
23-09-2024,17:13:00,0,20,30,348,0.45777194,4.65547897,167
18-02-2024,09:21:00,7,30,57,283,0.298940792,8.62624353,755
22-11-2024,08:52:00,4,23,38,419,0.262552045,4.6572332,468
07-02-2024,13:12:00,0,19,67,395,0.291058113,3.121353574,490
19-01-2024,09:19:00,4,33,83,279,0.414192159,6.493875893,148
24-06-2024,19:24:00,0,30,64,662,0.333020258,1.096301528,155
03-10-2024,11:44:00,3,14,59,698,0.273852284,7.039199624,422
10-05-2024,10:37:00,6,37,80,482,0.032964562,7.834650946,952
09-07-2024,11:37:00,9,27,33,573,0.284544347,2.197048612,511
05-04-2024,16:43:00,3,27,35,647,0.398746844,7.050010726,415
09-10-2024,18:54:00,9,30,81,100,0.205435209,8.517320851,748
16-05-2024,16:03:00,6,24,69,780,0.255917168,3.830395704,460
29-03-2024,18:07:00,0,14,82,123,0.083635962,5.551138924,204
21-02-2024,10:42:00,3,32,78,442,0.085366973,1.108343434,146
26-09-2024,17:10:00,3,12,41,577,0.376886422,8.96014609,486
03-07-2024,15:12:00,5,29,44,761,0.347676341,3.02050105,716
19-04-2024,15:09:00,8,39,70,373,0.407372496,8.279464156,646
06-09-2024,10:59:00,7,35,68,786,0.379918813,9.836317305,478
27-12-2024,18:21:00,6,13,76,534,0.19265859,6.850741066,359
12-06-2024,18:50:00,9,34,78,606,0.091779928,7.24062508,712
18-03-2024,17:48:00,8,21,50,763,0.237694731,3.887784322,596
30-12-2024,16:16:00,6,25,87,365,0.242333314,2.993342048,127
15-09-2024,10:16:00,5,19,44,239,0.313363033,3.646910999,625
03-06-2024,13:34:00,8,30,86,425,0.316170402,3.402650064,941
27-07-2024,09:01:00,1,31,56,527,0.414713342,3.946037605,442
05-04-2024,08:34:00,0,13,61,735,0.20142586,7.444120526,865
16-06-2024,15:47:00,6,17,44,663,0.109588664,1.768865321,879
15-12-2024,13:14:00,9,16,34,118,0.218270198,9.98199683,251
14-05-2024,15:04:00,1,30,80,511,0.375975888,1.872684051,707
27-01-2024,14:54:00,7,19,67,259,0.316540917,6.294349958,269
26-07-2024,10:37:00,9,29,53,274,0.458237926,1.200840047,750
21-12-2024,15:02:00,1,22,58,263,0.443699964,4.454007867,340
07-03-2024,19:16:00,6,35,34,689,0.029770441,4.983459501,366
21-01-2024,16:00:00,3,15,62,792,0.159763811,7.58841632,776
25-12-2024,11:21:00,1,26,46,174,0.19432279,1.086607459,599
12-02-2024,14:50:00,5,15,83,587,0.427390246,9.726586699,208
30-12-2024,18:36:00,3,34,75,338,0.40589618,7.129495016,217
16-09-2024,15:29:00,2,35,71,644,0.245514349,7.927178658,545
13-10-2024,17:06:00,4,37,35,155,0.183618489,3.853275787,394
21-12-2024,08:20:00,6,34,56,601,0.183862006,9.650681316,939
04-04-2024,18:15:00,8,11,42,263,0.054400636,2.463073571,582
07-10-2024,08:45:00,1,10,55,506,0.179053065,4.151468851,642
02-09-2024,19:17:00,5,20,82,736,0.186796573,8.702730601,532
06-12-2024,15:09:00,3,16,63,249,0.246112453,4.864972579,889
22-08-2024,10:31:00,2,26,38,329,0.32359429,8.380635095,804
29-08-2024,12:06:00,8,29,82,786,0.056306652,8.361144262,432
26-03-2024,12:39:00,3,30,42,600,0.192303593,8.999140506,620
16-04-2024,13:25:00,0,24,52,504,0.477501388,7.710450426,349
02-12-2024,18:44:00,1,27,62,456,0.220547053,9.385067795,928
31-01-2024,08:49:00,9,24,73,313,0.287459683,3.174254302,117
04-07-2024,13:42:00,1,26,56,781,0.430931086,6.22383351,121
22-07-2024,14:09:00,5,26,69,391,0.445575686,7.108932438,346
24-09-2024,08:20:00,0,14,85,264,0.049202326,9.179736168,498
14-10-2024,18:26:00,6,11,44,415,0.050128376,3.128607361,541
19-10-2024,16:50:00,1,14,36,732,0.329962328,6.638790611,517
07-05-2024,18:51:00,9,33,75,606,0.362583797,1.544417139,977
24-08-2024,13:34:00,9,14,53,396,0.399544317,8.110674047,189
28-03-2024,08:26:00,7,39,70,499,0.03096018,4.950489798,812
13-09-2024,19:02:00,9,19,47,207,0.102516926,7.348452363,123
14-04-2024,17:17:00,5,27,54,473,0.238648409,3.702838194,971
27-11-2024,09:10:00,8,36,37,483,0.228284568,3.226658907,292
21-05-2024,18:10:00,6,11,62,498,0.027399184,8.263153801,108
03-09-2024,17:30:00,9,20,41,680,0.472350753,2.619135177,949
15-11-2024,15:37:00,9,11,75,646,0.272755863,1.329019211,435
05-04-2024,11:13:00,7,18,57,127,0.297690017,3.382716043,230
26-04-2024,08:40:00,9,18,49,796,0.265707802,2.768468991,226
24-07-2024,10:45:00,1,14,72,650,0.002559782,1.9460817,190
17-09-2024,12:02:00,4,31,58,449,0.397457218,6.407149216,437
11-12-2024,11:38:00,8,13,84,726,0.412004768,6.445508049,636
13-12-2024,11:38:00,7,37,65,772,0.4086302,4.307525612,300
24-01-2024,15:45:00,9,31,30,242,0.069865269,5.44288531,969
11-03-2024,09:18:00,2,32,75,184,0.326453539,1.409261872,187
07-10-2024,18:21:00,8,32,73,685,0.194464428,2.447737919,857
14-05-2024,14:26:00,6,24,36,308,0.02392624,3.981408332,575
27-06-2024,11:12:00,8,31,45,657,0.342138338,2.266699531,640
05-08-2024,08:53:00,9,23,76,541,0.094139592,2.194343792,892
17-11-2024,13:32:00,9,30,46,165,0.148246419,6.301663555,993
31-01-2024,09:23:00,9,20,89,590,0.393977973,3.46244213,690
07-08-2024,17:37:00,4,32,59,436,0.032951742,5.917810361,158
27-03-2024,16:15:00,8,11,68,220,0.21522873,4.069607308,102
28-02-2024,16:48:00,2,19,35,228,0.347955169,1.680751578,421
08-05-2024,19:27:00,0,33,54,747,0.441155816,2.507269557,335
01-06-2024,09:26:00,8,34,89,159,0.107708164,3.490685184,725
11-12-2024,09:19:00,3,37,84,120,0.28050478,5.159104166,165
10-07-2024,15:28:00,1,24,64,355,0.381552163,1.493791704,912
27-02-2024,10:11:00,8,22,58,391,0.452996006,8.017586406,100
23-02-2024,15:28:00,4,37,42,174,0.326149382,6.823882154,825
22-01-2024,16:54:00,4,25,66,561,0.257359026,5.263450039,489
05-07-2024,12:49:00,9,32,48,439,0.245186451,2.331406842,970
23-12-2024,15:45:00,7,27,52,258,0.411903539,8.152477536,736
25-12-2024,13:26:00,8,20,80,295,0.246716705,1.828277227,830
10-06-2024,15:01:00,1,25,50,709,0.186051989,9.058348769,288
07-07-2024,16:29:00,1,20,72,746,0.235232298,2.653113639,436
19-02-2024,10:14:00,1,20,46,251,0.01578344,3.578633513,619
22-04-2024,18:14:00,5,22,72,786,0.230637155,7.057719675,206
26-05-2024,19:10:00,1,20,41,127,0.384607038,8.170290125,506
21-08-2024,16:19:00,6,23,47,129,0.261239876,1.369815261,794
12-10-2024,19:11:00,2,31,79,318,0.035123661,7.228190377,569
04-07-2024,14:20:00,6,33,86,125,0.075984223,9.02744129,764
15-04-2024,10:06:00,9,20,65,704,0.341261048,6.063805962,137
01-01-2024,13:25:00,2,14,68,518,0.201102149,3.484398776,516
05-01-2024,11:48:00,2,28,67,663,0.421993137,6.705601845,552
23-03-2024,15:36:00,3,36,87,393,0.416279899,6.012064969,909
26-01-2024,14:08:00,8,39,76,505,0.266996564,5.045164476,591
21-12-2024,16:59:00,7,33,69,396,0.432907175,1.504444134,429
02-08-2024,11:53:00,1,26,82,136,0.199721307,5.606784481,147
19-02-2024,12:46:00,2,27,83,468,0.101333183,7.989651533,111
15-08-2024,09:42:00,7,19,80,363,0.415877493,6.718624344,407
04-03-2024,17:46:00,0,27,52,480,0.020579017,2.721003213,758
24-05-2024,15:04:00,4,23,46,243,0.212985492,4.159215946,225
21-04-2024,10:15:00,7,21,78,790,0.060637159,4.549630084,726
26-03-2024,12:52:00,9,30,80,676,0.077368475,7.527656628,755
15-10-2024,15:07:00,5,22,50,560,0.005578774,8.218220396,368
14-10-2024,18:36:00,0,13,52,229,0.260144262,6.032215305,231
24-01-2024,10:05:00,0,14,69,406,0.151674268,7.084344469,539
20-09-2024,12:25:00,4,26,58,792,0.497524813,6.115354336,201
23-08-2024,15:12:00,7,38,66,320,0.029033943,9.333843263,297
01-07-2024,16:37:00,2,29,46,227,0.352182303,6.394871703,969
04-03-2024,10:33:00,8,18,77,331,0.451158752,1.86199046,449
08-03-2024,16:03:00,6,29,64,327,0.266283564,2.477910237,851
02-08-2024,13:38:00,0,22,74,194,0.13549033,3.604467343,731
21-12-2024,08:44:00,1,18,52,391,0.052391802,3.807452386,366
09-07-2024,18:15:00,1,20,46,132,0.241495294,8.179342078,133
10-09-2024,10:39:00,6,28,52,781,0.295838382,8.064773958,458
19-04-2024,17:34:00,9,31,49,209,0.239486227,4.87750363,364
31-10-2024,12:04:00,4,31,37,137,0.288135208,3.64060589,127
07-01-2024,09:44:00,4,11,45,451,0.089515469,1.657896398,622
31-08-2024,12:22:00,5,38,35,639,0.166732386,1.900128699,674
12-02-2024,13:06:00,3,23,65,556,0.20431012,9.41497805,578
13-05-2024,16:36:00,7,28,68,178,0.334370176,7.745805158,999
30-10-2024,19:41:00,9,22,47,371,0.120673464,9.73277847,871
20-07-2024,15:31:00,4,16,77,479,0.291770137,2.904668509,733
08-05-2024,12:19:00,8,21,51,141,0.164984831,1.202999645,803
27-06-2024,18:41:00,0,32,80,292,0.389221061,5.140989514,678
03-01-2024,12:35:00,2,17,65,638,0.136291427,5.454010797,987
14-01-2024,15:41:00,1,12,64,459,0.341206582,8.63240604,963
03-01-2024,13:53:00,7,25,38,716,0.423356231,3.918004263,752
14-01-2024,18:25:00,1,21,62,407,0.095158587,7.160451167,522
03-08-2024,13:59:00,8,21,88,773,0.436851155,1.415988409,317
14-01-2024,11:39:00,1,13,33,637,0.373107981,8.703843692,757
09-08-2024,13:43:00,4,29,40,371,0.288594018,9.999591842,466
07-01-2024,12:30:00,4,20,76,747,0.140379921,6.832301833,714
01-03-2024,14:18:00,4,24,75,296,0.487639799,7.477682023,729
18-07-2024,14:58:00,8,24,69,253,0.463204055,6.162877304,562
18-11-2024,12:17:00,5,34,80,176,0.149821311,4.077317961,170
09-04-2024,12:19:00,7,12,81,301,0.468445025,9.30572257,635
19-08-2024,15:12:00,1,17,51,284,0.248219455,6.978305423,820
16-09-2024,12:15:00,7,18,44,368,0.39765739,8.937950095,290
11-08-2024,13:04:00,5,30,84,396,0.134874979,3.79770056,307
02-02-2024,09:30:00,6,35,67,222,0.274342504,5.714532608,237
30-01-2024,12:19:00,7,38,70,425,0.130830121,2.440001963,807
30-03-2024,14:29:00,0,30,50,687,0.285034911,2.978107122,482
15-05-2024,19:13:00,7,27,68,753,0.495246705,3.922261502,126
21-10-2024,14:46:00,2,35,30,393,0.491190375,8.62728275,958
23-11-2024,13:59:00,4,16,61,606,0.191704274,9.176929044,621
05-08-2024,13:52:00,7,39,34,241,0.073096029,2.666431769,229
23-12-2024,11:51:00,5,20,89,618,0.450775625,4.141179043,250
15-11-2024,09:10:00,5,11,80,289,0.231126563,1.62662598,645
20-10-2024,12:07:00,3,28,38,270,0.27288705,1.650559231,505
13-11-2024,16:52:00,7,33,41,152,0.034830156,4.327822829,777
17-09-2024,16:39:00,1,38,72,316,0.149295582,5.565361879,948
21-04-2024,08:18:00,7,30,86,681,0.098672935,2.894552425,178
18-11-2024,09:53:00,6,31,61,369,0.340939178,6.186202002,522
21-04-2024,12:31:00,1,18,66,787,0.091308708,4.773629739,341
02-04-2024,08:53:00,7,25,47,299,0.197356787,4.303907728,820
23-04-2024,13:48:00,5,30,68,498,0.03381266,9.145680767,964
16-09-2024,10:58:00,0,10,39,291,0.046450556,7.422410766,960
14-02-2024,09:26:00,2,22,57,513,0.079011082,5.122071457,345
16-02-2024,13:25:00,3,39,71,610,0.025449837,5.824371148,827
17-12-2024,11:45:00,1,15,67,220,0.14079326,5.617642265,934
08-02-2024,17:02:00,7,32,53,394,0.197580598,6.569090274,831
26-01-2024,10:13:00,6,12,84,364,0.041294984,5.294625513,748
21-04-2024,13:53:00,5,33,59,124,0.292415997,4.569393963,130
03-05-2024,10:17:00,7,33,68,364,0.406637935,8.14557128,590
17-04-2024,15:50:00,8,31,38,649,0.245820079,5.281453594,263
30-10-2024,17:05:00,6,29,49,661,0.476789357,5.566149803,738
09-01-2024,19:35:00,1,10,67,607,0.17030265,4.663086746,925
17-04-2024,13:39:00,0,13,75,595,0.250382433,7.518923461,231
12-12-2024,12:58:00,1,26,85,460,0.429340094,2.201288601,492
05-10-2024,09:24:00,8,32,65,520,0.124104128,3.233146722,402
08-01-2024,13:43:00,5,36,65,383,0.178999027,7.962299666,212
04-01-2024,18:35:00,7,14,80,659,0.246445927,4.013833623,118
13-08-2024,12:40:00,7,39,82,453,0.397241888,5.874155675,411
15-09-2024,11:15:00,9,21,80,471,0.39850989,5.575448904,811
30-12-2024,11:53:00,5,20,55,579,0.438969964,3.911232523,842
27-05-2024,16:09:00,3,29,51,695,0.487450712,9.261788901,120
24-10-2024,16:37:00,5,31,38,765,0.457825466,2.74403777,787
29-08-2024,08:17:00,1,33,73,389,0.018018457,5.876862035,264
08-08-2024,19:15:00,5,16,41,519,0.200441064,4.31775984,171
12-06-2024,18:45:00,1,36,77,721,0.170106812,9.13198699,165
25-04-2024,13:10:00,0,14,38,422,0.499368537,7.247302522,283
11-03-2024,11:42:00,8,15,89,128,0.324916172,1.656769154,898
13-10-2024,15:28:00,4,16,68,621,0.15465456,6.215649172,849
05-06-2024,19:22:00,5,15,88,413,0.015904497,1.117994683,149
14-12-2024,12:55:00,1,31,71,785,0.076854098,4.958465193,992
27-02-2024,08:45:00,0,25,69,582,0.427716148,5.113358715,305
25-07-2024,19:22:00,4,35,47,406,0.344436178,4.770802429,883
01-06-2024,08:12:00,2,34,89,229,0.41284691,6.372425304,302
07-05-2024,11:41:00,9,19,43,223,0.452452036,6.376772868,936
15-07-2024,15:18:00,3,16,53,510,0.11684228,7.069703806,511
20-07-2024,19:17:00,8,20,36,432,0.364161378,5.465761853,479
04-03-2024,10:29:00,7,22,52,279,0.130215191,2.298534287,474
02-12-2024,16:43:00,9,17,61,297,0.218417664,1.899218108,105
01-09-2024,16:42:00,3,22,50,393,0.213849708,1.110316684,816
12-12-2024,19:54:00,0,38,78,231,0.363693182,6.39427124,161
04-03-2024,19:30:00,8,22,46,685,0.249257702,8.866614093,465
14-05-2024,19:24:00,6,25,73,194,0.073236199,8.803322417,826
22-08-2024,14:24:00,0,14,61,618,0.092781413,6.401214908,103
23-04-2024,11:55:00,4,26,40,164,0.413655323,1.772709459,949
25-02-2024,08:27:00,8,32,36,372,0.457715664,8.169685918,256
28-12-2024,08:04:00,2,18,63,295,0.24137167,8.752172855,344
29-09-2024,10:17:00,5,36,31,401,0.064720162,1.987773103,400
28-04-2024,12:53:00,1,26,69,596,0.162653356,5.484922338,769
29-09-2024,13:31:00,3,12,57,671,0.174101232,4.08898151,692
05-07-2024,12:15:00,7,15,62,656,0.038255507,7.378112132,423
01-02-2024,14:38:00,0,18,71,677,0.009630211,5.695449135,105
07-11-2024,14:13:00,1,19,64,527,0.216093727,8.611737097,608
29-11-2024,14:27:00,0,31,68,422,0.014258375,5.870801718,234
12-02-2024,19:58:00,3,15,65,729,0.332650432,7.058952845,190
27-06-2024,11:22:00,8,27,82,694,0.410296219,9.546851607,183
12-08-2024,10:55:00,2,31,32,562,0.223433488,2.630506958,849
06-11-2024,19:05:00,8,34,45,308,0.244144132,5.372613122,269
25-02-2024,17:43:00,6,37,47,460,0.303195673,5.485208236,609
30-01-2024,10:37:00,5,15,76,540,0.231666833,7.707505622,135
21-05-2024,11:52:00,5,37,35,679,0.130521552,4.618087782,605
16-01-2024,17:36:00,6,28,88,734,0.068214424,1.474631138,670
18-01-2024,14:35:00,4,13,32,135,0.152833588,4.65537188,917
16-04-2024,19:58:00,7,13,86,494,0.491585288,7.218706219,143
01-03-2024,15:04:00,5,29,49,151,0.436586361,9.36216494,852
04-10-2024,17:56:00,0,31,60,132,0.362085593,6.166013749,289
14-04-2024,13:29:00,5,16,32,280,0.369840041,5.859253309,797
21-06-2024,19:38:00,1,33,63,758,0.412664547,3.111012616,956
20-02-2024,16:15:00,4,37,81,731,0.099368082,1.987686035,126
27-05-2024,14:14:00,4,19,31,697,0.450974684,4.841838503,797
12-03-2024,09:26:00,3,14,73,677,0.256989125,3.353130512,387
19-07-2024,15:06:00,6,31,32,125,0.381915723,9.338904049,525
07-05-2024,16:19:00,8,15,54,409,0.279742636,4.701864078,305
05-07-2024,09:18:00,6,15,66,656,0.032217399,7.764315346,183
24-04-2024,12:36:00,7,37,46,185,0.360042924,5.00812296,714
01-01-2024,18:58:00,9,33,72,288,0.279955789,5.248477109,572
18-09-2024,14:02:00,4,12,33,136,0.494187806,2.649972151,953
03-12-2024,09:52:00,0,34,63,329,0.108449154,2.082249083,744
10-06-2024,09:52:00,5,34,49,509,0.073865957,4.558661378,931
28-06-2024,19:56:00,2,26,65,560,0.020266406,6.782058154,530
18-09-2024,16:19:00,4,38,84,240,0.396147019,4.02879577,207
05-04-2024,11:14:00,4,26,31,283,0.07176133,1.267270393,854
10-03-2024,13:07:00,2,11,36,227,0.261763375,2.428544439,989
04-01-2024,16:50:00,3,34,60,134,0.35330972,9.377109825,698
14-12-2024,09:51:00,3,32,83,665,0.229930896,6.018957623,825
18-01-2024,17:20:00,7,31,59,597,0.030712065,1.395998488,982
09-12-2024,12:17:00,9,28,61,109,0.049037722,4.271388477,985
05-03-2024,13:56:00,8,27,54,263,0.004192067,8.367761814,427
30-05-2024,12:16:00,4,33,38,563,0.092525014,8.131516277,955
05-03-2024,18:58:00,4,39,75,560,0.185185343,8.32074725,958
01-08-2024,11:51:00,0,15,59,445,0.166234495,7.639150253,214
05-07-2024,09:09:00,8,20,30,731,0.393393457,6.503551103,872
20-03-2024,12:10:00,3,26,33,249,0.246321276,3.239953168,431
15-01-2024,12:53:00,9,15,81,662,0.432125864,8.46812531,250
18-01-2024,17:50:00,7,13,41,147,0.198800378,9.474713124,868
27-10-2024,18:59:00,1,10,52,514,0.367160262,7.778598755,819
03-08-2024,14:57:00,0,12,56,432,0.362246762,7.718997973,696
10-01-2024,17:08:00,2,36,38,595,0.020893512,8.730724654,380
13-07-2024,17:10:00,5,33,43,775,0.149001778,5.906158323,639
16-12-2024,12:59:00,7,22,34,511,0.318882335,2.363553087,849
17-10-2024,12:32:00,3,23,75,740,0.218962901,9.448813796,178
19-02-2024,14:41:00,7,17,44,586,0.387408305,5.756124221,670
12-09-2024,09:32:00,3,29,59,562,0.35919819,7.385691925,929
01-08-2024,11:16:00,2,27,80,498,0.304638903,6.299298125,943
16-04-2024,19:44:00,4,35,53,338,0.102223328,5.502191357,170
22-03-2024,16:31:00,9,19,84,512,0.331829415,4.58437891,897
15-11-2024,15:05:00,6,24,42,566,0.498035797,6.373672763,878
03-01-2024,15:03:00,8,28,69,638,0.25501204,8.917926503,609
13-02-2024,09:23:00,9,32,64,460,0.340787886,6.069531328,693
29-08-2024,18:40:00,2,17,85,799,0.319412418,7.453042943,623
20-12-2024,19:45:00,8,34,44,562,0.003605218,7.139877963,463
30-05-2024,08:27:00,7,32,48,787,0.188325487,8.263490653,821
25-02-2024,14:44:00,0,30,47,706,0.426643268,2.895176339,208
11-05-2024,14:15:00,9,29,40,631,0.142306765,7.641630488,509
21-07-2024,10:38:00,4,22,74,231,0.259971285,6.914735137,856
01-07-2024,15:29:00,8,36,57,549,0.25929435,8.404226837,716
12-09-2024,12:43:00,7,20,53,493,0.110485309,4.210083533,813
02-10-2024,17:03:00,2,38,86,230,0.129500038,1.786372388,749
10-02-2024,15:11:00,2,38,52,370,0.031389656,5.461987057,854
27-11-2024,13:28:00,6,34,75,436,0.27095241,6.247729485,132
28-01-2024,09:54:00,4,36,70,420,0.067223489,6.28227534,340
23-06-2024,10:52:00,9,14,77,308,0.267015226,6.108621036,363
11-09-2024,11:02:00,4,10,37,377,0.33721803,8.724843266,716
15-07-2024,08:06:00,6,26,33,786,0.382349464,9.248527812,558
15-10-2024,08:19:00,0,23,58,220,0.408131864,9.221938215,267
23-02-2024,19:46:00,8,13,56,354,0.389989377,3.538384409,397
08-02-2024,10:45:00,2,36,33,197,0.476685896,4.583531588,264
23-12-2024,08:42:00,1,31,33,778,0.065728365,1.252160995,435
19-03-2024,11:50:00,0,35,66,259,0.496940092,6.136546663,544
19-11-2024,10:39:00,3,18,38,451,0.414447689,5.802500277,110
23-08-2024,19:32:00,1,21,31,280,0.249996152,3.75000411,460
02-05-2024,16:58:00,6,37,31,148,0.230551745,2.239603851,217
14-05-2024,17:05:00,1,11,56,609,0.249096142,7.825738948,229
09-02-2024,11:43:00,2,30,62,634,0.291073386,7.372385175,143
29-09-2024,15:38:00,2,11,65,516,0.278567569,1.876090333,542
20-10-2024,13:14:00,9,30,66,349,0.450716073,4.885399417,345
09-09-2024,09:16:00,7,38,85,252,0.261304155,2.793077685,106
20-08-2024,17:02:00,9,29,42,758,0.351127527,2.083957651,960
23-09-2024,15:12:00,7,39,67,133,0.214325041,7.072072587,913
06-11-2024,19:38:00,1,25,40,370,0.216003528,6.075765709,485
11-10-2024,09:23:00,3,39,30,669,0.404395696,2.74594867,122
03-07-2024,15:42:00,6,25,40,502,0.077943292,6.135277199,475
23-06-2024,19:38:00,2,24,43,473,0.085139551,4.237328416,877
20-08-2024,16:35:00,8,12,66,590,0.420184615,1.440678698,373
24-07-2024,10:54:00,7,20,68,658,0.373658211,2.645150257,216
04-01-2024,12:23:00,5,15,50,141,0.224142848,6.882273111,749
19-08-2024,19:32:00,7,17,75,428,0.346581491,6.212278399,355
19-04-2024,08:45:00,9,35,32,223,0.190093055,1.004125526,777
21-05-2024,18:14:00,7,12,44,499,0.247011795,9.339302781,405
06-10-2024,16:54:00,0,25,87,743,0.287749514,8.270327369,706
04-07-2024,10:55:00,2,32,42,708,0.245355922,6.839794664,407
15-10-2024,17:54:00,0,19,62,622,0.447350912,7.944187408,604
28-02-2024,15:08:00,1,22,80,422,0.290018023,3.855748693,624
04-09-2024,11:04:00,7,38,86,661,0.133745881,9.079500118,650
03-07-2024,18:30:00,9,13,88,505,0.403257962,6.3798695,145
28-11-2024,10:07:00,4,12,59,247,0.038115228,5.837959301,285
20-02-2024,18:24:00,8,33,66,437,0.08630028,4.33986669,587
10-10-2024,18:41:00,0,31,82,360,0.474629762,2.514202853,496
07-01-2024,12:01:00,6,12,54,105,0.413213939,5.269716058,472
06-07-2024,10:12:00,3,33,69,430,0.297539969,2.848135111,331
29-05-2024,18:02:00,2,12,49,530,0.478349531,6.385868159,571
10-11-2024,10:08:00,9,31,50,799,0.084618101,6.192960903,803
20-12-2024,19:01:00,2,15,43,189,0.057253988,8.052679233,624
04-09-2024,12:19:00,0,36,87,251,0.493934727,9.526488298,611
11-11-2024,10:22:00,6,25,32,518,0.221070908,4.489265646,486
12-01-2024,10:25:00,1,12,32,306,0.278004514,7.964625367,752
21-09-2024,15:18:00,1,38,72,195,0.352700627,6.747130881,454
16-11-2024,17:49:00,1,21,59,347,0.386114868,3.466123276,663
20-08-2024,11:28:00,9,31,82,253,0.496094756,3.089029425,475
31-08-2024,13:55:00,4,24,50,202,0.468316275,7.470323066,586
16-06-2024,14:50:00,7,28,74,422,0.306279143,6.201176017,221
11-03-2024,15:39:00,1,25,69,779,0.313290412,3.077345704,397
30-01-2024,16:40:00,5,23,35,154,0.464553967,5.207863273,575
06-02-2024,19:29:00,6,15,77,481,0.332854815,5.182521237,226
08-06-2024,16:16:00,4,19,44,267,0.210410648,5.810737838,150
16-09-2024,17:51:00,1,19,74,108,0.198009444,2.016980648,470
13-08-2024,15:09:00,4,26,58,626,0.086449357,6.231669479,620
04-03-2024,15:44:00,6,15,30,237,0.002560566,7.904525446,958
11-12-2024,09:58:00,1,39,69,571,0.068006162,1.18789406,809
24-08-2024,14:49:00,2,18,82,591,0.295072272,5.188102372,692
05-04-2024,19:15:00,4,31,87,395,0.307739916,8.207337206,796
13-10-2024,18:29:00,2,33,64,600,0.383128815,6.889996606,502
23-03-2024,19:37:00,4,18,78,518,0.04129657,4.092015463,433
11-03-2024,10:45:00,5,22,56,290,0.360553232,6.284649191,836
24-06-2024,10:43:00,5,22,63,629,0.453595415,3.156173713,490
04-09-2024,16:16:00,8,38,67,342,0.171798873,7.978079538,845
10-05-2024,13:13:00,7,21,75,399,0.061923525,5.001834239,922
08-09-2024,19:29:00,9,11,51,441,0.230415057,6.144672919,710
18-12-2024,11:51:00,4,25,34,144,0.349602058,5.261662379,690
16-08-2024,09:36:00,6,25,76,310,0.075325384,7.841377783,972
12-04-2024,14:39:00,1,38,31,730,0.092210116,3.961195824,469
13-01-2024,15:32:00,7,33,35,756,0.041268174,5.94660659,957
03-04-2024,12:25:00,9,28,34,503,0.159218987,2.19481413,117
31-08-2024,16:52:00,6,29,48,716,0.032895262,6.906419413,800
11-12-2024,12:51:00,3,37,51,205,0.038844561,3.982562698,127
03-05-2024,18:11:00,9,35,40,179,0.238756614,5.324387345,125
16-12-2024,15:09:00,7,39,55,743,0.331496078,2.223039807,148
04-05-2024,18:06:00,9,39,42,306,0.166567971,3.35799961,847
12-08-2024,12:44:00,2,31,89,300,0.099553817,7.818285562,580
21-01-2024,18:58:00,5,26,39,715,0.318071302,1.54470136,952
31-10-2024,13:21:00,9,36,60,403,0.078034653,5.915378562,894
23-10-2024,13:59:00,2,25,69,731,0.457795394,4.32771769,543
13-10-2024,18:42:00,5,20,86,116,0.311626426,1.37495208,899
20-06-2024,12:00:00,7,20,67,196,0.361895013,6.789140271,661
02-10-2024,14:00:00,7,32,62,506,0.447963544,9.961169351,556
11-11-2024,09:22:00,9,17,32,658,0.202844352,4.88325495,563
01-09-2024,15:29:00,9,23,82,286,0.364530179,3.683539077,815
13-02-2024,11:45:00,1,17,71,293,0.18805177,7.914284639,147
21-05-2024,08:47:00,7,13,73,190,0.236897775,3.766482156,835
01-10-2024,16:16:00,2,19,48,409,0.449955549,4.774195112,397
29-05-2024,10:42:00,3,17,76,403,0.119278339,1.703362533,517
14-01-2024,13:17:00,2,29,30,407,0.204951647,4.67788092,821
21-11-2024,14:06:00,4,15,66,621,0.03516536,6.186020595,684
03-01-2024,19:50:00,1,39,59,774,0.164897447,7.041257469,928
17-08-2024,10:32:00,8,33,49,390,0.322399367,4.761755983,122
27-08-2024,12:58:00,5,11,72,525,0.374099041,3.127652832,414
24-02-2024,08:57:00,7,14,70,489,0.41365955,9.019772595,168
23-02-2024,12:40:00,3,22,36,668,0.385151309,2.7956814,852
12-06-2024,11:20:00,9,27,66,338,0.462771505,3.975325919,776
09-05-2024,17:58:00,0,26,53,582,0.086192105,5.473659258,154
10-10-2024,13:02:00,1,38,66,417,0.097656121,2.786415802,266
03-01-2024,09:12:00,6,35,39,549,0.325481396,9.253491085,646
10-11-2024,08:16:00,3,27,80,405,0.077370105,2.649499544,537
16-01-2024,13:54:00,1,18,82,720,0.352442163,2.373350047,749
01-09-2024,17:07:00,7,37,63,699,0.322460587,7.353511916,243
25-06-2024,13:34:00,1,20,52,225,0.119199148,3.498951707,476
23-12-2024,09:36:00,0,23,67,142,0.040674736,2.569409103,248
14-05-2024,14:36:00,4,28,57,778,0.193909455,7.315779041,513
08-11-2024,17:06:00,8,25,58,391,0.022370209,5.038110281,765
24-05-2024,13:23:00,3,29,37,344,0.076025203,2.483211634,103
11-03-2024,08:35:00,5,24,76,333,0.203856052,5.452459237,196
23-01-2024,17:52:00,8,37,66,635,0.232060816,1.350594461,902
26-07-2024,15:42:00,2,28,88,493,0.159011113,1.541057895,658
30-04-2024,09:59:00,9,14,47,211,0.47338715,2.110588762,827
30-12-2024,10:07:00,3,15,69,347,0.468081416,2.144934718,214
28-07-2024,14:37:00,4,19,48,285,0.36501532,5.326904794,371
10-03-2024,11:34:00,1,32,72,283,0.271036475,6.542822779,700
30-08-2024,13:02:00,7,22,50,748,0.286568824,8.034969362,285
25-01-2024,17:40:00,2,37,84,710,0.345456015,3.596837103,336
30-05-2024,10:27:00,2,11,46,524,0.354670061,7.9432265,274
29-03-2024,13:30:00,8,38,43,116,0.349137389,7.462642061,276
08-11-2024,12:49:00,8,16,32,662,0.396548722,2.94094058,610
19-01-2024,10:10:00,2,19,85,698,0.060490167,9.025998022,118
16-09-2024,16:44:00,9,19,88,572,0.19379473,4.674262438,401
10-05-2024,18:08:00,0,13,39,442,0.20098275,2.873689588,262
24-05-2024,16:30:00,8,37,49,288,0.400042029,4.348288539,657
16-11-2024,15:07:00,7,27,72,397,0.077127809,7.660980164,353
08-02-2024,16:27:00,5,18,84,170,0.15470811,5.572868947,850
10-01-2024,09:57:00,4,18,86,736,0.248379521,9.496254007,918
06-11-2024,13:35:00,8,34,84,430,0.297978589,4.797674346,751
18-03-2024,16:59:00,7,39,50,351,0.093909785,2.507483676,435
10-06-2024,12:01:00,4,13,65,195,0.066763517,6.82230156,779
19-10-2024,18:33:00,5,31,63,408,0.252502373,1.396991633,603
04-02-2024,17:09:00,6,14,57,170,0.154334007,6.936696281,391
06-01-2024,09:02:00,5,21,53,401,0.07962755,3.30001443,752
11-01-2024,14:07:00,8,14,51,593,0.033654303,2.14258182,342
30-08-2024,12:56:00,4,15,75,244,0.438101485,8.426212965,232
03-11-2024,17:46:00,8,16,76,503,0.440596555,8.978589237,733
11-08-2024,10:09:00,0,21,60,688,0.242107319,1.180131265,472
10-01-2024,14:34:00,7,12,87,684,0.404996377,3.367343938,872
10-04-2024,19:33:00,7,39,50,711,0.188568617,4.004347903,392
19-06-2024,11:20:00,0,38,35,312,0.217724862,6.490587401,951
03-09-2024,18:55:00,1,16,43,157,0.008510149,7.072895152,111
19-11-2024,14:59:00,5,14,65,150,0.103579991,9.485599871,140
29-06-2024,17:27:00,8,38,80,219,0.088998705,1.404294023,493
01-04-2024,17:41:00,1,12,55,400,0.340249703,4.150701337,530
11-11-2024,09:39:00,8,31,78,159,0.400684911,8.117468283,828
16-06-2024,11:09:00,6,16,88,648,0.283466047,1.900761927,480
04-04-2024,12:51:00,6,13,55,485,0.097075205,6.683577239,799
05-06-2024,17:27:00,0,38,80,512,0.212622641,3.468539162,432
16-07-2024,08:00:00,7,30,81,684,0.443363771,9.248901498,489
22-03-2024,12:04:00,4,18,49,375,0.363091641,6.958010264,926
21-07-2024,09:34:00,4,26,48,256,0.095505045,7.506640335,566
19-05-2024,09:29:00,3,12,66,393,0.433721696,7.96237548,854
05-05-2024,17:50:00,5,28,45,676,0.144368162,9.588031413,743
30-08-2024,14:25:00,5,31,78,249,0.169368518,1.347245829,742
14-06-2024,13:10:00,4,11,53,449,0.383262187,2.277176676,401
02-08-2024,16:10:00,5,36,83,632,0.060488733,5.565924965,341
24-04-2024,15:11:00,6,38,41,414,0.062664191,4.577685522,920
21-11-2024,14:36:00,4,16,73,367,0.126234435,1.892885172,279
26-09-2024,11:26:00,3,39,36,677,0.06969724,1.127963896,860
18-06-2024,12:32:00,6,11,31,786,0.214222341,7.359734914,259
29-04-2024,08:58:00,0,18,71,629,0.441727381,8.096917504,607
29-06-2024,10:09:00,6,30,89,579,0.334882807,9.755986902,332
12-03-2024,13:14:00,4,24,78,789,0.419398384,4.740720051,506
27-06-2024,11:48:00,3,20,77,541,0.47906366,2.362496023,889
28-12-2024,15:01:00,9,39,65,316,0.145879146,8.657965422,408
21-08-2024,12:19:00,8,30,45,104,0.302183229,3.883533827,298
27-02-2024,15:02:00,8,11,69,627,0.344250101,8.159236678,776
14-02-2024,12:48:00,2,34,41,647,0.073714618,1.769266541,460
10-05-2024,19:32:00,2,22,85,432,0.257831444,3.458847823,255
22-10-2024,14:51:00,3,19,40,609,0.138084893,6.07102678,563
27-07-2024,16:03:00,6,38,30,503,0.347521985,9.764090078,779
08-03-2024,17:41:00,7,10,86,592,0.314826776,9.668499244,217
24-11-2024,13:26:00,8,35,31,576,0.352711389,7.840022961,948
17-02-2024,17:52:00,9,24,52,591,0.381695013,5.551372013,204
23-06-2024,14:33:00,0,10,31,717,0.264415648,7.639127613,456
22-03-2024,12:32:00,1,14,54,597,0.03413837,7.011866026,266
20-07-2024,15:17:00,9,29,74,117,0.484995916,1.174284602,584
10-11-2024,11:37:00,8,15,35,224,0.452009594,8.727714395,180
11-05-2024,11:58:00,6,33,73,206,0.145789076,1.879665422,658
04-09-2024,18:49:00,1,15,48,511,0.120980549,5.720058576,447
17-09-2024,09:18:00,7,36,77,658,0.461380207,8.883269972,943
15-05-2024,12:27:00,6,19,49,758,0.182064415,9.23758247,563
30-07-2024,17:02:00,7,39,88,507,0.10283045,4.244831548,644
19-05-2024,12:31:00,9,33,32,752,0.107854611,3.729194393,452
07-04-2024,14:32:00,2,12,34,336,0.357158498,7.381271498,484
27-04-2024,08:01:00,1,36,65,556,0.119563458,4.907387389,941
03-02-2024,14:21:00,8,22,80,388,0.456095285,5.42745326,930
05-07-2024,16:15:00,3,11,41,477,0.293088893,5.690821398,703
04-03-2024,10:50:00,4,33,39,615,0.42339107,7.825473975,781
12-07-2024,19:11:00,0,21,67,177,0.2784233,4.750441567,218
15-08-2024,08:14:00,9,37,84,108,0.384196623,6.524945171,390
13-06-2024,18:24:00,0,12,30,605,0.385696096,9.382826439,267
23-02-2024,08:56:00,4,39,63,767,0.12650201,9.19408007,809
11-06-2024,15:30:00,2,16,80,209,0.076733538,9.108713149,965
31-03-2024,13:45:00,1,36,82,545,0.325315611,6.049201092,674
25-09-2024,18:59:00,0,22,42,636,0.357990883,8.195989328,818
08-05-2024,10:50:00,4,36,30,397,0.376667881,6.071144858,817
03-01-2024,14:00:00,2,22,60,769,0.191470632,3.421136133,176
22-12-2024,18:18:00,0,26,77,578,0.173084768,6.108574,150
22-01-2024,11:20:00,4,36,78,249,0.085323901,6.404921839,388
10-01-2024,14:33:00,1,10,87,130,0.483363512,5.377699295,397
13-09-2024,11:37:00,2,26,83,586,0.263937045,8.540150521,249
25-11-2024,17:44:00,3,15,69,342,0.314684981,2.711375127,262
15-09-2024,09:30:00,2,32,63,342,0.152713741,3.640145178,570
17-01-2024,12:32:00,9,13,58,719,0.075540294,2.390316135,187
24-01-2024,16:21:00,5,11,68,283,0.300217654,5.419605242,155
27-06-2024,12:36:00,4,34,76,463,0.140480653,1.288782239,731
05-09-2024,15:21:00,4,32,77,771,0.362546905,8.624075044,663
30-11-2024,15:52:00,5,26,54,521,0.132700005,1.287373747,230
26-05-2024,18:37:00,5,33,31,287,0.307232179,9.942933403,938
31-05-2024,14:44:00,4,37,86,643,0.4667294,7.663819637,936
29-07-2024,13:33:00,2,11,62,407,0.445721009,7.36090579,528
07-01-2024,13:55:00,3,27,49,523,0.250186796,2.334086071,328
21-12-2024,09:44:00,7,16,71,371,0.495420155,9.617539911,912
05-07-2024,14:39:00,7,39,68,389,0.120950906,2.677879308,278
26-05-2024,16:57:00,9,17,33,238,0.288014112,8.399413879,495
27-06-2024,13:10:00,9,31,52,376,0.424648409,9.706107646,323
22-11-2024,19:46:00,0,23,61,771,0.054927865,9.712219222,643
23-12-2024,19:30:00,3,17,36,113,0.413421648,9.102129288,585
14-08-2024,08:06:00,5,23,44,240,0.217900066,1.627598405,965
04-01-2024,08:18:00,1,15,50,418,0.042885597,1.694068609,885
27-06-2024,08:26:00,3,39,74,732,0.38740604,2.061861996,228
11-02-2024,09:27:00,5,17,81,237,0.084599387,1.851363729,872
24-08-2024,09:22:00,2,16,71,351,0.083165155,5.205431246,441
17-09-2024,10:37:00,7,29,34,674,0.43498632,7.864725226,113
12-10-2024,11:36:00,4,38,73,785,0.407942607,2.36756361,411
04-12-2024,11:51:00,7,35,81,323,0.36155956,8.138022655,966
04-04-2024,12:06:00,8,12,60,173,0.230002545,4.080925703,170
18-08-2024,14:33:00,3,33,82,761,0.348055533,7.175384186,551
06-01-2024,08:37:00,1,16,55,205,0.247622541,6.446777621,334
25-06-2024,08:09:00,6,18,34,340,0.189693492,2.940342129,834
12-08-2024,08:00:00,7,37,58,621,0.354155376,2.07454609,132
05-02-2024,10:25:00,2,19,35,377,0.444725912,2.859490462,342
29-05-2024,13:24:00,9,14,57,561,0.113194064,8.837891404,680
21-02-2024,12:53:00,6,30,32,249,0.106998927,4.433667866,819
13-10-2024,09:01:00,5,31,78,127,0.232285767,5.633571426,230
01-08-2024,12:16:00,7,34,83,760,0.454236684,7.747764726,166
23-03-2024,10:01:00,7,15,76,680,0.39880371,8.563303445,553
25-06-2024,09:46:00,6,25,50,271,0.462411896,1.069352088,516
29-03-2024,12:26:00,8,32,49,606,0.334337231,7.259987361,950
19-08-2024,11:09:00,9,22,82,249,0.355926868,1.561974217,443
26-12-2024,17:44:00,9,28,61,553,0.487587021,9.60241112,527
27-10-2024,17:18:00,6,33,33,754,0.041182599,5.335809067,721
04-09-2024,08:44:00,7,29,62,640,0.321500422,6.769665424,125
07-03-2024,08:06:00,9,16,88,646,0.387192141,3.745784941,926
07-12-2024,11:06:00,4,23,55,713,0.142030805,8.351427939,831
11-08-2024,08:47:00,6,10,43,399,0.358475279,1.286852144,821
24-07-2024,17:14:00,4,30,64,454,0.447314252,8.486708955,977
17-02-2024,15:48:00,4,13,83,400,0.366430271,1.473186881,239
15-05-2024,17:48:00,1,12,48,481,0.35288873,1.601777254,155
18-08-2024,14:42:00,4,23,85,450,0.097167649,5.256377523,509
04-01-2024,14:50:00,5,25,82,171,0.304489778,9.141810903,621
07-05-2024,13:08:00,2,19,46,662,0.092600661,9.104746624,768
03-10-2024,19:01:00,8,26,70,595,0.164399103,8.321957074,794
06-05-2024,18:19:00,4,35,83,276,0.40396012,4.672671125,537
17-02-2024,19:16:00,2,24,53,796,0.237810714,8.895738302,167
19-03-2024,12:23:00,5,23,76,716,0.468969346,6.040299954,916
15-12-2024,19:25:00,2,36,45,492,0.461059063,5.916533458,108
29-11-2024,11:11:00,6,27,77,510,0.295591151,5.705424132,437
12-12-2024,09:21:00,8,23,33,412,0.284668487,5.785742497,584
31-03-2024,13:15:00,6,34,66,668,0.081120665,1.832475915,501
04-04-2024,09:56:00,2,33,46,263,0.299514302,3.304932215,738
29-04-2024,19:56:00,9,21,65,797,0.075435496,2.981556872,498
23-01-2024,13:20:00,0,26,88,760,0.270305732,6.564733139,209
18-12-2024,19:52:00,5,25,55,255,0.355273182,6.45341199,415
30-06-2024,12:47:00,1,18,47,758,0.00183736,5.70059645,739
08-11-2024,08:55:00,1,24,75,310,0.316820841,1.080256573,417
12-02-2024,15:56:00,7,27,71,620,0.38358529,1.200723223,294
14-08-2024,18:54:00,5,18,80,731,0.200426244,9.529914265,924
07-02-2024,19:42:00,6,33,41,780,0.151724948,1.954799394,176
11-06-2024,11:34:00,7,30,87,650,0.379451042,3.320253011,140
31-01-2024,11:27:00,2,11,38,429,0.035191591,6.764975066,316
08-11-2024,12:52:00,0,14,40,141,0.308921568,2.726828152,379
07-10-2024,12:14:00,7,15,58,707,0.181347892,4.986101318,223
29-07-2024,13:34:00,7,27,79,151,0.20432513,1.092365898,846
24-09-2024,19:29:00,6,11,66,719,0.031774286,4.366797599,929
21-09-2024,11:04:00,1,20,64,387,0.25855091,7.088480604,164
19-10-2024,15:43:00,7,39,38,789,0.441519895,1.831360052,499
20-09-2024,17:48:00,0,32,62,354,0.406442851,4.892255311,781
21-05-2024,18:02:00,8,30,74,593,0.089279304,1.674522081,221
17-08-2024,13:02:00,4,31,88,691,0.34251947,2.658048815,173
13-07-2024,13:27:00,0,17,88,324,0.016698275,6.773680252,393
08-03-2024,18:39:00,5,29,33,675,0.036701749,8.662526677,984
14-05-2024,14:24:00,0,21,38,538,0.409147709,7.647727174,810
02-11-2024,15:09:00,8,23,37,532,0.108097002,2.21120687,434
14-01-2024,17:29:00,5,18,50,609,0.033968363,6.846664071,554
14-06-2024,09:40:00,3,30,43,518,0.276982609,7.5792996,388
19-11-2024,12:38:00,2,31,33,579,0.024975623,2.726980814,780
09-07-2024,13:27:00,9,31,42,575,0.436699045,9.890037676,770
06-05-2024,09:03:00,8,15,83,661,0.139735438,1.743657618,698
15-02-2024,16:58:00,0,27,32,128,0.499427702,1.390084922,620
10-10-2024,14:52:00,4,26,68,460,0.453862557,6.428063463,852
20-01-2024,17:53:00,1,25,43,292,0.413333948,6.089754551,442
02-08-2024,10:47:00,3,22,61,587,0.334184583,7.291548063,365
27-09-2024,09:36:00,3,17,60,795,0.384291157,2.183466357,308
18-11-2024,11:10:00,8,37,55,770,0.200765914,9.984050154,603
29-06-2024,17:52:00,0,17,74,470,0.43819346,1.595974462,826
21-04-2024,12:09:00,1,30,85,150,0.050166033,6.682355642,717
07-01-2024,08:03:00,9,15,63,589,0.07853559,5.277570292,777
25-03-2024,08:07:00,0,38,80,616,0.421386193,5.646314978,792
23-05-2024,18:40:00,1,12,71,375,0.260916692,1.269849432,578
19-03-2024,13:37:00,7,31,51,634,0.456875429,6.746963794,534
05-04-2024,08:35:00,7,35,31,780,0.21507107,2.103716068,140
20-05-2024,08:59:00,6,38,33,587,0.185461112,7.515540282,561
06-12-2024,17:39:00,5,15,60,364,0.380835232,3.86522124,177
19-10-2024,10:40:00,2,36,49,364,0.289530264,4.400935543,326
29-11-2024,19:28:00,6,19,37,223,0.344680178,3.192383515,413
05-08-2024,15:19:00,0,18,52,601,0.047979435,3.467539537,572
29-09-2024,13:49:00,6,28,66,205,0.325101241,8.42461421,212
27-08-2024,12:24:00,3,35,35,514,0.17900095,8.674574781,412
11-06-2024,17:51:00,5,32,68,682,0.013316314,7.797356611,461
07-02-2024,09:51:00,4,14,84,239,0.439287348,5.669438419,211
21-12-2024,14:24:00,8,29,54,329,0.034876953,7.694071207,122
11-09-2024,16:27:00,2,29,69,507,0.069881846,2.139819709,306
25-06-2024,14:16:00,9,36,88,550,0.28140277,9.940122006,474
02-10-2024,11:11:00,9,26,69,118,0.175197645,6.634811251,430
18-02-2024,18:49:00,7,18,75,235,0.470343833,3.146886129,885
06-02-2024,10:28:00,5,12,43,362,0.47570814,7.529018425,150
11-12-2024,09:16:00,7,37,35,748,0.365850313,5.616944258,941
13-03-2024,18:33:00,8,33,39,274,0.243445162,2.100526794,509
20-08-2024,18:00:00,7,24,38,766,0.422470157,6.757716514,255
29-02-2024,14:50:00,3,10,71,194,0.260689633,6.404161882,714
02-09-2024,19:56:00,9,36,75,349,0.287787223,2.979717761,963
03-09-2024,17:41:00,2,17,56,635,0.206190991,4.966001465,508
26-10-2024,15:12:00,4,36,68,425,0.405022259,3.977829662,299
06-08-2024,13:24:00,7,31,31,239,0.164984953,2.867775269,114
01-03-2024,13:10:00,1,35,30,764,0.310043448,1.944295932,924
14-09-2024,17:22:00,6,11,69,186,0.320657897,4.480635668,864
16-04-2024,16:32:00,2,16,52,475,0.354380059,9.338057294,633
07-03-2024,15:42:00,1,12,78,409,0.293153936,7.950828767,726
02-03-2024,10:33:00,3,23,84,538,0.080090163,7.760061413,137
03-12-2024,13:25:00,5,16,77,631,0.39831736,8.921801201,477
25-07-2024,18:41:00,3,18,87,137,0.456245635,7.006403886,243
28-12-2024,13:38:00,9,24,32,768,0.085524524,5.644767527,348
20-11-2024,16:09:00,0,28,81,539,0.42869103,4.061395667,798
10-02-2024,10:19:00,9,10,78,437,0.383748848,6.28856563,995
26-06-2024,10:55:00,6,25,36,716,0.084824,2.067190709,123
09-10-2024,08:50:00,4,10,67,750,0.365057607,8.019460982,283
17-11-2024,09:17:00,6,15,58,488,0.447169576,3.217711374,510
09-03-2024,10:02:00,1,33,72,639,0.349083365,7.050416678,961
16-10-2024,15:04:00,7,28,32,535,0.298207393,4.845601778,330
18-06-2024,09:39:00,7,39,85,666,0.407220294,4.755056578,749
12-04-2024,15:06:00,1,23,75,574,0.204091177,5.589719868,960
07-03-2024,18:05:00,9,37,76,594,0.17342937,6.947066183,358
17-01-2024,18:37:00,2,16,47,708,0.275491255,1.081797234,126
18-10-2024,17:48:00,2,12,35,362,0.28445839,3.342564813,113
24-06-2024,17:43:00,6,37,58,741,0.113585975,4.875061712,147
08-06-2024,10:48:00,5,26,56,664,0.349301209,6.762613229,752
20-01-2024,13:53:00,5,21,51,198,0.227218378,1.790802323,604
24-10-2024,10:08:00,2,16,43,575,0.218560236,5.429394353,470
28-01-2024,18:52:00,6,22,70,232,0.49370237,5.154493159,916
08-05-2024,16:29:00,3,16,63,178,0.465583157,2.362288196,787
22-01-2024,08:24:00,3,13,51,537,0.42676341,5.558900223,979
30-05-2024,13:07:00,9,25,35,193,0.459039337,9.304646224,162
09-09-2024,14:54:00,7,12,71,568,0.382664674,6.44722003,829
06-02-2024,18:14:00,4,37,61,628,0.213863,5.340576032,534
06-03-2024,13:13:00,5,25,38,175,0.14599708,4.024224862,565
19-09-2024,12:05:00,0,23,76,379,0.103003131,2.605035077,266
22-06-2024,14:06:00,5,31,36,621,0.094580156,5.38218451,432
20-02-2024,13:14:00,5,12,58,778,0.370987402,9.618204347,920
15-05-2024,16:53:00,2,14,64,798,0.114633119,2.120318648,984
01-01-2024,08:18:00,0,10,32,650,0.119136365,9.555069505,215
25-07-2024,17:47:00,4,35,30,170,0.375608549,3.077564793,855
16-03-2024,14:11:00,0,25,44,299,0.235621965,9.68774789,230
04-09-2024,15:28:00,0,30,37,779,0.048849159,5.366489112,729
17-04-2024,13:07:00,6,31,43,400,0.186278654,3.770066641,900
26-05-2024,15:52:00,6,38,82,347,0.347587103,2.623239672,367
24-09-2024,17:42:00,6,13,34,690,0.032231831,4.149964667,797
09-09-2024,18:16:00,8,23,40,650,0.415458062,1.433098862,972
23-04-2024,12:45:00,6,33,71,633,0.210905062,8.793593836,574
29-11-2024,19:13:00,6,38,78,182,0.415821811,8.049624855,733
30-12-2024,08:03:00,5,25,47,601,0.250818284,4.616875153,517
14-07-2024,14:55:00,7,33,70,474,0.22585272,8.173695626,750
20-04-2024,17:34:00,3,10,45,662,0.232885231,5.474541881,993
20-12-2024,11:49:00,8,23,79,534,0.112801044,4.939700569,890
01-01-2024,16:33:00,2,14,44,583,0.481222635,7.466772411,555
21-08-2024,17:32:00,1,17,69,441,0.487330828,7.863460988,933
26-04-2024,18:57:00,3,34,64,290,0.241922982,4.129371614,997
30-10-2024,09:40:00,1,33,67,674,0.4310869,6.849530083,185
09-08-2024,13:54:00,3,15,52,707,0.157132228,2.501921211,355
27-10-2024,16:19:00,1,16,71,610,0.473404769,6.418025847,980
09-09-2024,09:03:00,5,11,80,684,0.061718267,9.037596009,846
29-05-2024,10:26:00,8,22,35,758,0.284241468,9.163569902,860
19-05-2024,14:12:00,1,32,66,576,0.078517278,5.572984615,380
18-06-2024,13:56:00,0,37,43,712,0.37237466,2.60379974,139
29-06-2024,14:58:00,9,31,49,456,0.119496987,6.617000317,754
20-11-2024,12:24:00,8,16,82,438,0.34228789,7.442070329,572
25-08-2024,17:21:00,1,13,33,647,0.297084626,8.262863395,716
08-04-2024,13:09:00,3,38,44,134,0.086302944,6.584219914,326
27-12-2024,16:01:00,3,34,34,730,0.268876803,6.227294411,786
17-06-2024,10:14:00,0,35,77,609,0.294794496,4.915751906,421
21-01-2024,08:25:00,1,36,56,287,0.15439295,6.66390499,616
12-05-2024,17:03:00,2,16,74,741,0.426060948,6.139403402,303
13-09-2024,16:45:00,1,31,62,140,0.347683303,1.282735038,525
07-09-2024,17:20:00,2,18,45,388,0.029069253,4.418195473,440
30-10-2024,19:38:00,5,29,89,713,0.380820637,3.032514943,686
13-08-2024,14:47:00,3,26,84,199,0.164896765,6.311352202,805
25-03-2024,19:51:00,0,39,40,488,0.070775277,7.361034147,952
06-03-2024,19:33:00,5,28,76,324,0.125934764,4.443953944,167
10-03-2024,09:23:00,3,22,87,609,0.472711011,4.288714779,909
10-11-2024,19:19:00,9,25,56,702,0.402338014,3.3502875,610
21-02-2024,15:29:00,8,10,67,180,0.045424993,8.117072682,646
10-06-2024,18:16:00,6,37,84,272,0.050132658,8.027261556,529
18-07-2024,11:16:00,2,37,44,479,0.448063076,9.349801079,318
21-08-2024,15:14:00,3,18,59,128,0.233027384,9.141353804,794
18-01-2024,08:56:00,0,11,60,441,0.030381119,2.937011653,566
02-12-2024,10:59:00,5,24,61,770,0.491895069,6.909134193,505
01-05-2024,16:26:00,4,24,63,722,0.365501636,5.611164259,299
09-07-2024,11:33:00,9,28,44,605,0.214421614,9.932283698,660
12-12-2024,11:55:00,6,23,72,261,0.414005053,8.610138006,647
21-06-2024,10:30:00,9,22,81,121,0.074626303,2.974693108,304
16-03-2024,10:49:00,9,11,61,225,0.230741489,2.787352581,433
27-05-2024,18:42:00,6,28,46,652,0.49614233,4.799487669,193
08-02-2024,13:44:00,5,31,48,406,0.125214052,3.164080684,323
25-09-2024,08:30:00,8,16,40,371,0.388695797,1.535936247,346
03-01-2024,12:46:00,7,10,65,293,0.152874481,3.462439957,419
25-12-2024,13:33:00,2,14,87,600,0.268765945,8.673582374,385
12-08-2024,17:41:00,6,25,55,745,0.37804537,9.563424218,486
07-10-2024,11:10:00,9,26,65,366,0.28160248,1.087340899,651
15-12-2024,14:29:00,3,17,63,268,0.376856064,7.067581507,326
19-05-2024,11:41:00,3,13,86,285,0.485968638,4.541067015,655
11-11-2024,11:25:00,9,20,34,533,0.437577566,2.310245562,703
04-12-2024,09:14:00,8,33,58,618,0.151645126,1.838190075,594
04-01-2024,08:44:00,6,13,89,482,0.49871713,2.4174555,666
05-02-2024,12:57:00,3,38,80,762,0.175917284,5.649693162,331
08-08-2024,12:58:00,3,38,58,497,0.110186475,7.114558164,203
20-04-2024,13:54:00,8,10,80,332,0.322882909,4.7735275,590
24-07-2024,16:04:00,1,25,67,665,0.235810935,5.739748005,788
24-05-2024,15:03:00,2,31,54,415,0.285200876,9.64612996,670
22-05-2024,14:05:00,6,30,50,558,0.468743708,3.323934959,541
19-08-2024,17:44:00,8,28,64,215,0.239933809,9.104355688,806
27-07-2024,10:24:00,4,33,58,454,0.453687844,6.765333453,614
27-01-2024,10:44:00,6,29,69,638,0.392308875,3.051882828,914
26-08-2024,19:03:00,9,25,66,432,0.08752648,7.721923291,960
25-05-2024,09:32:00,9,18,41,632,0.222695384,1.509787211,537
16-01-2024,14:32:00,2,26,60,135,0.316260964,4.376792948,824
11-02-2024,17:00:00,5,32,55,540,0.072611799,2.884906299,758
05-12-2024,16:30:00,7,29,83,797,0.42907186,2.224078375,570
14-01-2024,19:29:00,8,19,50,603,0.474776216,9.834431828,238
25-09-2024,14:23:00,8,28,48,235,0.413000316,6.733737802,710
21-02-2024,13:51:00,4,16,64,152,0.192513605,4.372887359,460
18-10-2024,16:34:00,5,24,52,174,0.096368969,4.416630379,504
29-09-2024,16:15:00,4,33,75,232,0.126072078,1.275821928,543
11-04-2024,11:38:00,7,25,83,500,0.187155204,1.314808758,540
20-05-2024,14:25:00,2,31,88,457,0.179684881,2.911810017,245
17-11-2024,11:04:00,2,39,61,522,0.118556629,5.796700972,463
12-07-2024,12:34:00,5,34,62,650,0.417186066,4.496425201,626
16-06-2024,08:09:00,8,21,72,556,0.019799811,6.115688651,450
25-11-2024,08:33:00,6,36,71,629,0.429629838,9.341120066,956
12-11-2024,19:40:00,0,37,66,228,0.341517612,8.463053239,277
25-11-2024,17:10:00,3,29,85,117,0.188815789,5.754123632,548
15-04-2024,18:55:00,8,38,56,748,0.405759932,6.237746503,795
17-04-2024,11:45:00,9,21,68,382,0.117909011,9.793230803,619
23-10-2024,09:40:00,4,39,84,371,0.077942821,3.502038252,304
22-10-2024,19:52:00,1,26,46,560,0.015700908,4.245645399,262
06-02-2024,12:27:00,2,21,72,651,0.031765987,9.076697915,297
01-06-2024,15:56:00,3,31,59,395,0.095856674,5.176024349,579
18-07-2024,11:13:00,0,35,64,429,0.394785205,3.242715795,698
01-11-2024,10:30:00,0,11,66,387,0.396847469,3.343145754,647
02-07-2024,17:34:00,4,28,62,309,0.332746973,5.047532255,575
12-03-2024,08:40:00,7,36,42,105,0.449801565,2.214146756,429
03-10-2024,13:39:00,6,28,46,113,0.110471646,2.039120059,526
22-02-2024,17:41:00,2,16,71,290,0.37796688,7.763584573,224
05-01-2024,12:31:00,5,23,68,319,0.091176719,5.20992162,945
12-10-2024,10:08:00,0,20,41,407,0.37242966,2.894663941,602
26-12-2024,16:18:00,1,24,45,398,0.008071461,1.42971445,667
28-02-2024,17:38:00,2,24,84,151,0.020751816,7.675946934,266
12-04-2024,10:21:00,7,12,82,495,0.486230701,1.401512562,382
20-04-2024,14:25:00,6,13,74,143,0.186298826,4.915252009,125
02-11-2024,14:25:00,7,20,35,161,0.416915673,1.952988333,697
23-12-2024,19:59:00,8,17,66,262,0.293604066,4.281119592,116
23-05-2024,10:59:00,0,31,39,115,0.063896941,7.995619209,381
20-05-2024,12:12:00,9,19,38,536,0.462744342,3.053418112,575
05-09-2024,10:04:00,8,27,77,604,0.364674403,9.276748332,299
23-04-2024,16:33:00,7,28,68,621,0.344205603,9.264481495,436
25-05-2024,18:49:00,0,32,80,761,0.040832409,2.860002549,386
04-04-2024,16:53:00,5,10,77,309,0.485185717,4.143013801,527
27-01-2024,13:14:00,6,35,65,351,0.278686375,2.892344567,500
05-09-2024,16:13:00,5,25,85,107,0.027434133,2.298320512,527
02-09-2024,09:03:00,8,23,87,772,0.228860633,8.840289749,108
26-10-2024,16:36:00,2,17,37,282,0.482864311,3.086689597,198
30-12-2024,17:26:00,1,34,45,515,0.226171202,7.13389365,184
05-06-2024,09:00:00,7,12,73,550,0.036167733,8.591245496,645
15-02-2024,12:56:00,6,30,86,307,0.267272164,8.399840766,780
17-01-2024,08:58:00,2,18,56,566,0.274490728,6.64488744,539
03-11-2024,11:31:00,2,29,73,179,0.368495413,9.951949784,699
02-04-2024,13:34:00,7,14,38,676,0.147199811,6.060193445,938
25-11-2024,08:34:00,0,33,49,171,0.29148913,6.968866975,172
21-03-2024,08:06:00,1,37,38,414,0.343814686,1.548506142,503
22-09-2024,10:26:00,5,11,42,213,0.160498279,3.476015075,570
10-08-2024,09:38:00,0,29,51,518,0.295464371,1.610507856,380
25-12-2024,19:20:00,6,32,64,751,0.133277665,8.504025139,110
22-04-2024,17:32:00,1,20,73,799,0.192197202,3.949230396,173
05-05-2024,09:01:00,9,36,36,291,0.133416481,4.564130371,301
16-10-2024,11:52:00,4,24,42,437,0.193587638,3.296725903,308
14-05-2024,13:41:00,2,30,46,313,0.296625993,2.509525802,333
08-09-2024,08:27:00,5,36,51,779,0.461033438,8.492338644,727
16-10-2024,13:06:00,6,32,69,655,0.230284044,9.84369127,165
06-12-2024,15:13:00,5,22,33,576,0.3618741,1.539958477,661
07-09-2024,14:50:00,2,28,36,464,0.348650135,1.331520212,427
28-07-2024,14:58:00,9,25,89,508,0.094684091,8.677784292,373
17-02-2024,14:03:00,4,21,54,598,0.172146849,5.317696781,876
18-01-2024,11:44:00,2,28,34,497,0.366440902,7.022758132,154
06-11-2024,12:51:00,1,14,86,107,0.073108419,4.694931373,543
19-09-2024,17:22:00,0,35,51,174,0.43559824,9.718048042,717
31-07-2024,09:21:00,7,21,57,403,0.496390549,7.838068961,216
17-10-2024,11:24:00,0,20,52,788,0.374213798,4.764818541,478
20-08-2024,08:51:00,3,10,42,426,0.208113265,1.042664112,136
21-10-2024,17:15:00,8,19,60,607,0.342372642,9.087692404,432
13-10-2024,14:26:00,5,39,89,764,0.169239026,4.28413035,526
20-08-2024,15:14:00,6,20,32,506,0.188417905,5.87707282,279
04-05-2024,15:59:00,1,13,52,569,0.01849496,6.146360487,275
31-01-2024,17:50:00,7,11,65,424,0.395135951,7.007014087,695
25-07-2024,16:29:00,1,28,79,219,0.063109707,7.812313095,327
26-01-2024,13:48:00,5,19,38,468,0.40884575,2.440849205,300
01-12-2024,10:58:00,3,23,52,763,0.473399077,1.296129425,116
10-07-2024,11:49:00,5,18,45,353,0.086670723,9.760270691,819
22-11-2024,16:23:00,3,32,88,717,0.356287419,3.330783203,592
15-03-2024,14:44:00,8,21,55,384,0.05294817,1.99093723,447
09-07-2024,11:52:00,7,39,87,698,0.423990382,1.469077251,234
05-08-2024,17:24:00,5,24,36,764,0.18078838,9.192328178,244
29-11-2024,17:57:00,5,35,71,303,0.162236028,4.605336317,864
20-09-2024,17:26:00,9,26,79,246,0.463737277,4.906569332,467
05-08-2024,16:54:00,9,15,36,448,0.469763931,9.068375251,138
27-04-2024,17:31:00,8,15,89,486,0.494190696,7.908428345,172
29-12-2024,13:07:00,1,25,64,131,0.132019449,2.717516926,543
10-09-2024,12:19:00,0,28,74,749,0.213444263,1.644433514,733
01-11-2024,19:26:00,6,22,43,380,0.023138015,7.606224878,560
28-04-2024,15:20:00,8,20,48,757,0.094777128,7.78928296,990
22-05-2024,13:44:00,5,10,82,473,0.286215737,6.163150391,460
25-08-2024,19:24:00,7,16,46,753,0.099645607,7.573974223,659
02-06-2024,10:45:00,4,34,55,176,0.435669853,6.335872695,152
24-11-2024,13:49:00,9,38,40,730,0.42677293,5.750564063,578
19-11-2024,08:15:00,3,13,55,267,0.297354553,4.753910533,257
14-10-2024,08:05:00,3,10,73,118,0.385080818,5.400252058,651
11-09-2024,13:49:00,5,20,84,267,0.456699656,5.503971377,900
21-12-2024,18:49:00,9,33,84,671,0.026843361,3.715707398,403
24-04-2024,16:04:00,2,26,34,522,0.333134002,8.969196081,407
22-07-2024,12:41:00,1,14,43,480,0.031185445,2.135239953,780
19-03-2024,19:02:00,1,17,32,681,0.177978349,3.253495745,841
16-07-2024,12:54:00,1,35,70,452,0.048658271,4.591326738,997
29-07-2024,09:50:00,8,15,72,205,0.498688914,1.011868346,636
19-06-2024,14:31:00,0,32,40,146,0.16454628,7.682619785,206
28-02-2024,14:05:00,2,24,69,733,0.392310327,1.508625839,248
11-02-2024,18:27:00,2,18,38,257,0.226163483,4.94840711,881
20-10-2024,19:54:00,8,37,37,289,0.072381403,7.127588616,392
01-07-2024,08:06:00,5,19,57,672,0.124992265,3.663094935,654
30-11-2024,10:40:00,7,18,46,517,0.275335937,2.340632364,800
13-08-2024,11:17:00,9,37,71,577,0.348175205,1.40844859,922
02-05-2024,15:38:00,4,18,49,596,0.102906748,1.075126571,363
07-02-2024,15:49:00,7,11,81,464,0.33831475,7.036940989,250
19-11-2024,15:20:00,9,12,84,347,0.233688328,6.863834173,385
07-09-2024,17:39:00,1,29,58,284,0.319223927,8.396692123,210
27-08-2024,12:45:00,4,30,78,434,0.324658901,3.595946494,249
25-11-2024,14:04:00,3,32,50,744,0.049953601,5.131841048,127
11-05-2024,10:23:00,1,16,67,612,0.486290143,7.546902388,945
04-09-2024,17:51:00,6,29,88,376,0.125369658,9.509827064,337
15-05-2024,11:18:00,2,32,75,482,0.119336337,3.25302615,707
07-07-2024,11:35:00,3,33,32,137,0.493986834,4.424058053,722
13-02-2024,16:22:00,4,30,48,134,0.016312877,7.959434568,902
24-04-2024,09:17:00,1,27,38,175,0.14546465,4.055526706,327
04-01-2024,16:51:00,0,17,77,261,0.188725557,6.247483128,115
07-01-2024,08:18:00,5,19,73,259,0.11322611,5.570574555,948
03-12-2024,08:20:00,7,32,41,432,0.024965679,3.220431212,148
16-06-2024,19:34:00,1,24,82,769,0.352079652,4.413661723,173
12-07-2024,17:46:00,1,22,46,213,0.229159206,7.814731844,715
08-08-2024,15:19:00,0,22,73,292,0.408222564,5.066283691,784
18-01-2024,09:14:00,1,36,81,792,0.030206321,2.573355069,946
